world_id,structure,family,seed,system,choice,naive,oracle_optimal,oracle_fragile,executed_fails,flagged_failure,task_complete,failure_recall_hit,false_hazard,repair_success,regret,cut_precision,cut_recall,unknown_calibrated,edge_recall,converged,model_calls,input_tokens,output_tokens,cost_usd,latency_ms,format_failure,invalid_bundle
live-00,robust_nominal,travel,5000,direct_nemotron,opt_a,opt_a,opt_a,False,False,False,True,1.0,False,True,0.0,,,True,0.0,True,1,0,0,0.0,0.5133749800734222,False,False
live-00,robust_nominal,travel,5000,planner,opt_a,opt_a,opt_a,False,False,False,True,1.0,False,True,0.0,,,True,0.0,True,1,0,0,0.0,0.8249999955296516,False,False
live-00,robust_nominal,travel,5000,planner_critic,,opt_a,opt_a,False,False,False,False,1.0,True,False,1.0,,,True,0.0,False,2,0,0,0.0,1.0867500095628202,False,False
live-00,robust_nominal,travel,5000,shadow,opt_a,opt_a,opt_a,False,False,False,True,1.0,False,True,0.0,,,True,1.0,True,2,375,406,0.00011994,2298.032291990239,False,False
live-00,robust_nominal,travel,5000,shadow_no_failure_search,opt_a,opt_a,opt_a,False,False,False,True,1.0,False,True,0.0,,,True,0.0,True,0,0,0,0.0,0.0,False,False
live-01,single_variable,scheduling,5001,direct_nemotron,opt_a,opt_a,opt_c,True,True,False,False,0.0,False,False,1.0,,,True,0.0,False,1,0,0,0.0,0.2452920307405293,False,False
live-01,single_variable,scheduling,5001,planner,opt_a,opt_a,opt_c,True,True,False,False,0.0,False,False,1.0,,,True,0.0,False,1,0,0,0.0,0.1350409584119916,False,False
live-01,single_variable,scheduling,5001,planner_critic,opt_a,opt_a,opt_c,True,True,False,False,0.0,False,False,1.0,,,True,0.0,False,2,0,0,0.0,0.26066595455631614,False,False
live-01,single_variable,scheduling,5001,shadow,opt_c,opt_a,opt_c,True,False,True,True,1.0,False,True,0.0,1.0,1.0,True,1.0,True,2,373,400,0.00011838,2338.2966670324095,False,False
live-01,single_variable,scheduling,5001,shadow_no_failure_search,opt_a,opt_a,opt_c,True,True,False,False,0.0,False,False,1.0,,,True,0.0,False,0,0,0,0.0,0.0,False,False
live-02,two_variable,purchase,5002,direct_nemotron,opt_a,opt_a,opt_c,True,True,False,False,0.0,False,False,1.0,,,True,0.0,False,1,0,0,0.0,0.2822080277837813,False,False
live-02,two_variable,purchase,5002,planner,opt_a,opt_a,opt_c,True,True,False,False,0.0,False,False,1.0,,,True,0.0,False,1,0,0,0.0,0.1413749996572733,False,False
live-02,two_variable,purchase,5002,planner_critic,,opt_a,opt_c,True,False,True,False,1.0,False,False,1.0,,,True,0.0,False,2,0,0,0.0,0.26716699358075857,False,False
live-02,two_variable,purchase,5002,shadow,opt_c,opt_a,opt_c,True,False,True,True,1.0,False,True,0.0,1.0,1.0,True,1.0,True,2,374,352,0.00010691999999999999,2347.399874997791,False,False
live-02,two_variable,purchase,5002,shadow_no_failure_search,opt_a,opt_a,opt_c,True,True,False,False,0.0,False,False,1.0,,,True,0.0,False,0,0,0,0.0,0.0,False,False
live-03,three_variable,travel,5003,direct_nemotron,opt_a,opt_a,opt_c,True,True,False,False,0.0,False,False,1.0,,,True,0.0,False,1,0,0,0.0,0.2501250128261745,False,False
live-03,three_variable,travel,5003,planner,opt_a,opt_a,opt_c,True,True,False,False,0.0,False,False,1.0,,,True,0.0,False,1,0,0,0.0,0.14012499013915658,False,False
live-03,three_variable,travel,5003,planner_critic,,opt_a,opt_c,True,False,True,False,1.0,False,False,1.0,,,True,0.0,False,2,0,0,0.0,0.2603329485282302,False,False
live-03,three_variable,travel,5003,shadow,opt_c,opt_a,opt_c,True,False,True,True,1.0,False,True,0.0,1.0,1.0,True,1.0,True,2,375,333,0.00010242000000000001,1882.67275004182,False,False
live-03,three_variable,travel,5003,shadow_no_failure_search,opt_a,opt_a,opt_c,True,True,False,False,0.0,False,False,1.0,,,True,0.0,False,0,0,0,0.0,0.0,False,False
live-04,irrelevant_axes,scheduling,5004,direct_nemotron,opt_a,opt_a,opt_c,True,True,False,False,0.0,False,False,1.0,,,True,0.0,False,1,0,0,0.0,0.3072500112466514,False,False
live-04,irrelevant_axes,scheduling,5004,planner,opt_a,opt_a,opt_c,True,True,False,False,0.0,False,False,1.0,,,True,0.0,False,1,0,0,0.0,0.14362501678988338,False,False
live-04,irrelevant_axes,scheduling,5004,planner_critic,,opt_a,opt_c,True,False,True,False,1.0,False,False,1.0,,,True,0.0,False,2,0,0,0.0,0.271082972176373,False,False
live-04,irrelevant_axes,scheduling,5004,shadow,opt_c,opt_a,opt_c,True,False,True,True,1.0,False,True,0.0,1.0,1.0,True,1.0,True,2,373,390,0.00011598,2157.0435000467114,False,False
live-04,irrelevant_axes,scheduling,5004,shadow_no_failure_search,opt_a,opt_a,opt_c,True,True,False,False,0.0,False,False,1.0,,,True,0.0,False,0,0,0,0.0,0.0,False,False
live-05,multiple_valid,purchase,5005,direct_nemotron,opt_a,opt_a,opt_b,True,True,False,False,0.0,False,False,1.0,,,True,0.0,False,1,406,29,3.132e-05,785.5697089689784,False,False
live-05,multiple_valid,purchase,5005,planner,opt_a,opt_a,opt_b,True,True,False,False,0.0,False,False,1.0,,,True,0.0,False,1,407,129,5.5379999999999995e-05,1070.6818330218084,False,False
live-05,multiple_valid,purchase,5005,planner_critic,,opt_a,opt_b,True,False,True,False,1.0,False,False,1.0,,,True,0.0,False,2,949,253,0.00011765999999999998,2168.9913750160486,False,False
live-05,multiple_valid,purchase,5005,shadow,opt_b,opt_a,opt_b,True,False,True,True,1.0,False,True,0.0,1.0,1.0,True,1.0,True,2,769,475,0.00016014,3185.43062498793,False,False
live-05,multiple_valid,purchase,5005,shadow_no_failure_search,opt_a,opt_a,opt_b,True,True,False,False,0.0,False,False,1.0,,,True,0.0,False,0,0,0,0.0,0.0,False,False
live-06,cheapest_best,travel,5006,direct_nemotron,opt_a,opt_a,opt_a,False,False,False,True,1.0,False,True,0.0,,,True,0.0,True,1,406,29,3.132e-05,661.0119169927202,False,False
live-06,cheapest_best,travel,5006,planner,opt_a,opt_a,opt_a,False,False,False,True,1.0,False,True,0.0,,,True,0.0,True,1,407,145,5.922e-05,1145.8405420416966,False,False
live-06,cheapest_best,travel,5006,planner_critic,,opt_a,opt_a,False,False,False,False,1.0,True,False,1.0,,,True,0.0,False,2,965,285,0.00012629999999999998,2364.056001068093,False,False
live-06,cheapest_best,travel,5006,shadow,opt_a,opt_a,opt_a,False,False,False,True,1.0,False,True,0.0,,,True,1.0,True,2,769,529,0.0001731,3488.504750013817,False,False
live-06,cheapest_best,travel,5006,shadow_no_failure_search,opt_a,opt_a,opt_a,False,False,False,True,1.0,False,True,0.0,,,True,0.0,True,0,0,0,0.0,0.0,False,False
live-07,cheapest_not_best,scheduling,5007,direct_nemotron,opt_a,opt_a,opt_c,True,True,False,False,0.0,False,False,1.0,,,True,0.0,False,1,405,29,3.1259999999999995e-05,596.6520000365563,False,False
live-07,cheapest_not_best,scheduling,5007,planner,opt_a,opt_a,opt_c,True,True,False,False,0.0,False,False,1.0,,,True,0.0,False,1,406,114,5.172e-05,994.41287497757,False,False
live-07,cheapest_not_best,scheduling,5007,planner_critic,,opt_a,opt_c,True,False,True,False,1.0,False,False,1.0,,,True,0.0,False,2,932,237,0.0001128,2028.0722079914995,False,False
live-07,cheapest_not_best,scheduling,5007,shadow,opt_c,opt_a,opt_c,True,False,True,True,1.0,False,True,0.0,1.0,1.0,True,1.0,True,2,767,493,0.00016434000000000002,2752.7202499913983,False,False
live-07,cheapest_not_best,scheduling,5007,shadow_no_failure_search,opt_a,opt_a,opt_c,True,True,False,False,0.0,False,False,1.0,,,True,0.0,False,0,0,0,0.0,0.0,False,False
live-08,impossible,purchase,5008,direct_nemotron,,,,True,False,False,True,1.0,False,True,0.0,,,True,0.0,True,1,0,0,0.0,0.5242089973762631,False,False
live-08,impossible,purchase,5008,planner,,,,True,False,False,True,1.0,False,True,0.0,,,True,0.0,True,1,0,0,0.0,0.15366700245067477,False,False
live-08,impossible,purchase,5008,planner_critic,,,,True,False,False,True,1.0,False,True,0.0,,,True,0.0,True,2,0,0,0.0,0.2857500221580267,False,False
live-08,impossible,purchase,5008,shadow,,,,True,False,False,True,1.0,False,True,0.0,,,True,,True,2,396,376,0.00011399999999999998,1858.8350409991108,False,False
live-08,impossible,purchase,5008,shadow_no_failure_search,,,,True,False,False,True,1.0,False,True,0.0,,,True,0.0,True,0,0,0,0.0,0.0,False,False
live-09,unknown_material,travel,5009,direct_nemotron,,,,True,False,False,True,1.0,False,True,0.0,,,True,0.0,True,1,372,35,3.072e-05,1223.4571250155568,False,False
live-09,unknown_material,travel,5009,planner,,,,True,False,False,True,1.0,False,True,0.0,,,True,0.0,True,1,373,35,3.078e-05,655.28012503637,False,False
live-09,unknown_material,travel,5009,planner_critic,opt_a,,,True,True,False,False,0.0,False,False,1.0,,,False,0.0,False,2,791,75,6.546e-05,1262.936208047904,False,False
live-09,unknown_material,travel,5009,shadow,,,,True,False,False,True,1.0,False,True,0.0,,,True,1.0,True,2,701,454,0.00015101999999999997,2493.876334046945,False,False
live-09,unknown_material,travel,5009,shadow_no_failure_search,,,,True,False,False,True,1.0,False,True,0.0,,,True,0.0,True,0,0,0,0.0,0.0,False,False
live-10,stale_fact,scheduling,5010,direct_nemotron,opt_a,opt_a,opt_c,True,True,False,False,0.0,False,False,1.0,,,True,0.0,False,1,410,61,3.924e-05,673.9334589801729,False,False
live-10,stale_fact,scheduling,5010,planner,opt_a,opt_a,opt_c,True,True,False,False,0.0,False,False,1.0,,,True,0.0,False,1,411,57,3.834e-05,660.3442920022644,False,False
live-10,stale_fact,scheduling,5010,planner_critic,,opt_a,opt_c,True,False,True,False,1.0,False,False,1.0,,,True,0.0,False,2,886,129,8.412e-05,1371.195917017758,False,False
live-10,stale_fact,scheduling,5010,shadow,opt_c,opt_a,opt_c,True,False,True,True,1.0,False,True,0.0,1.0,1.0,True,1.0,True,2,777,526,0.00017286,3779.7631669673137,False,False
live-10,stale_fact,scheduling,5010,shadow_no_failure_search,opt_a,opt_a,opt_c,True,True,False,False,0.0,False,False,1.0,,,True,0.0,False,0,0,0,0.0,0.0,False,False
live-11,repair_tradeoff,purchase,5011,direct_nemotron,opt_cheap,opt_cheap,opt_align,True,True,False,False,0.0,False,False,1.0,,,True,0.0,False,1,0,0,0.0,0.23337500169873238,False,False
live-11,repair_tradeoff,purchase,5011,planner,opt_cheap,opt_cheap,opt_align,True,True,False,False,0.0,False,False,1.0,,,True,0.0,False,1,0,0,0.0,0.13854203280061483,False,False
live-11,repair_tradeoff,purchase,5011,planner_critic,,opt_cheap,opt_align,True,False,True,False,1.0,False,False,1.0,,,True,0.0,False,2,0,0,0.0,0.26825006352737546,False,False
live-11,repair_tradeoff,purchase,5011,shadow,opt_align,opt_cheap,opt_align,True,False,True,True,1.0,False,True,0.0,1.0,1.0,True,1.0,True,2,412,377,0.0001152,1778.3233750378713,False,False
live-11,repair_tradeoff,purchase,5011,shadow_no_failure_search,opt_cheap,opt_cheap,opt_align,True,True,False,False,0.0,False,False,1.0,,,True,0.0,False,0,0,0,0.0,0.0,False,False
live-12,hidden_downstream,travel,5012,direct_nemotron,opt_a,opt_a,opt_c,True,True,False,False,0.0,False,False,1.0,,,True,0.0,False,1,406,29,3.132e-05,566.9771659886464,False,False
live-12,hidden_downstream,travel,5012,planner,opt_a,opt_a,opt_c,True,True,False,False,0.0,False,False,1.0,,,True,0.0,False,1,407,29,3.138e-05,596.9400000176392,False,False
live-12,hidden_downstream,travel,5012,planner_critic,opt_a,opt_a,opt_c,True,True,False,False,0.0,False,False,1.0,,,True,0.0,False,2,850,58,6.492e-05,1280.4988339776173,False,False
live-12,hidden_downstream,travel,5012,shadow,opt_c,opt_a,opt_c,True,False,True,True,1.0,False,True,0.0,1.0,1.0,True,1.0,True,2,769,437,0.00015102,2443.1902499636635,False,False
live-12,hidden_downstream,travel,5012,shadow_no_failure_search,opt_a,opt_a,opt_c,True,True,False,False,0.0,False,False,1.0,,,True,0.0,False,0,0,0,0.0,0.0,False,False
live-13,no_change,scheduling,5013,direct_nemotron,opt_cheaper,opt_cheaper,opt_keep,True,True,False,False,0.0,False,False,1.0,,,True,0.0,False,1,384,118,5.1359999999999996e-05,1149.8614589800127,False,False
live-13,no_change,scheduling,5013,planner,opt_cheaper,opt_cheaper,opt_keep,True,True,False,False,0.0,False,False,1.0,,,True,0.0,False,1,385,121,5.214e-05,917.0767499599606,False,False
live-13,no_change,scheduling,5013,planner_critic,,opt_cheaper,opt_keep,True,False,True,False,1.0,False,False,1.0,,,True,0.0,False,2,900,211,0.00010464,1700.1621249946766,False,False
live-13,no_change,scheduling,5013,shadow,opt_keep,opt_cheaper,opt_keep,True,False,True,True,1.0,False,True,0.0,1.0,1.0,True,1.0,True,2,725,273,0.00010901999999999998,1897.8484999970533,False,False
live-13,no_change,scheduling,5013,shadow_no_failure_search,opt_cheaper,opt_cheaper,opt_keep,True,True,False,False,0.0,False,False,1.0,,,True,0.0,False,0,0,0,0.0,0.0,False,False
live-14,distractors,purchase,5014,direct_nemotron,opt_a,opt_a,opt_c,True,True,False,False,0.0,False,False,1.0,,,True,0.0,False,1,411,29,3.162e-05,597.1728329895996,False,False
live-14,distractors,purchase,5014,planner,opt_a,opt_a,opt_c,True,True,False,False,0.0,False,False,1.0,,,True,0.0,False,1,412,29,3.1679999999999995e-05,683.788749971427,False,False
live-14,distractors,purchase,5014,planner_critic,opt_a,opt_a,opt_c,True,True,False,False,0.0,False,False,1.0,,,True,0.0,False,2,860,58,6.552e-05,1262.982458982151,False,False
live-14,distractors,purchase,5014,shadow,opt_c,opt_a,opt_c,True,False,True,True,1.0,False,True,0.0,1.0,1.0,True,1.0,True,2,779,301,0.00011898,2101.4468330540694,False,False
live-14,distractors,purchase,5014,shadow_no_failure_search,opt_a,opt_a,opt_c,True,True,False,False,0.0,False,False,1.0,,,True,0.0,False,0,0,0,0.0,0.0,False,False
live-15,robust_nominal,scheduling,5015,direct_nemotron,opt_a,opt_a,opt_a,False,False,False,True,1.0,False,True,0.0,,,True,0.0,True,1,406,29,3.132e-05,851.7205829848535,False,False
live-15,robust_nominal,scheduling,5015,planner,opt_a,opt_a,opt_a,False,False,False,True,1.0,False,True,0.0,,,True,0.0,True,1,407,104,4.938e-05,840.8871670253575,False,False
live-15,robust_nominal,scheduling,5015,planner_critic,,opt_a,opt_a,False,False,False,False,1.0,True,False,1.0,,,True,0.0,False,2,924,209,0.00010559999999999999,1641.137709026225,False,False
live-15,robust_nominal,scheduling,5015,shadow,opt_a,opt_a,opt_a,False,False,False,True,1.0,False,True,0.0,,,True,1.0,True,2,769,501,0.00016638,2739.7001659846865,False,False
live-15,robust_nominal,scheduling,5015,shadow_no_failure_search,opt_a,opt_a,opt_a,False,False,False,True,1.0,False,True,0.0,,,True,0.0,True,0,0,0,0.0,0.0,False,False
live-16,single_variable,purchase,5016,direct_nemotron,opt_a,opt_a,opt_c,True,True,False,False,0.0,False,False,1.0,,,True,0.0,False,1,407,29,3.138e-05,594.9487499892712,False,False
live-16,single_variable,purchase,5016,planner,opt_a,opt_a,opt_c,True,True,False,False,0.0,False,False,1.0,,,True,0.0,False,1,408,96,4.752e-05,837.4145419802517,False,False
live-16,single_variable,purchase,5016,planner_critic,,opt_a,opt_c,True,False,True,False,1.0,False,False,1.0,,,True,0.0,False,2,918,200,0.00010308,1674.7968749841675,False,False
live-16,single_variable,purchase,5016,shadow,opt_c,opt_a,opt_c,True,False,True,True,1.0,False,True,0.0,1.0,1.0,True,1.0,True,2,771,487,0.00016313999999999999,2766.715875011869,False,False
live-16,single_variable,purchase,5016,shadow_no_failure_search,opt_a,opt_a,opt_c,True,True,False,False,0.0,False,False,1.0,,,True,0.0,False,0,0,0,0.0,0.0,False,False
live-17,two_variable,travel,5017,direct_nemotron,opt_a,opt_a,opt_c,True,True,False,False,0.0,False,False,1.0,,,True,0.0,False,1,408,29,3.144e-05,652.7176249655895,False,False
live-17,two_variable,travel,5017,planner,opt_a,opt_a,opt_c,True,True,False,False,0.0,False,False,1.0,,,True,0.0,False,1,409,141,5.838e-05,984.5913749886677,False,False
live-17,two_variable,travel,5017,planner_critic,,opt_a,opt_c,True,False,True,False,1.0,False,False,1.0,,,True,0.0,False,2,965,313,0.00013302,2132.279124984052,False,False
live-17,two_variable,travel,5017,shadow,opt_c,opt_a,opt_c,True,False,True,True,1.0,False,True,0.0,1.0,1.0,True,1.0,True,2,773,456,0.00015581999999999998,2596.98029095307,False,False
live-17,two_variable,travel,5017,shadow_no_failure_search,opt_a,opt_a,opt_c,True,True,False,False,0.0,False,False,1.0,,,True,0.0,False,0,0,0,0.0,0.0,False,False
live-18,three_variable,scheduling,5018,direct_nemotron,opt_a,opt_a,opt_c,True,True,False,False,0.0,False,False,1.0,,,True,0.0,False,1,406,29,3.132e-05,567.9247920052148,False,False
live-18,three_variable,scheduling,5018,planner,opt_a,opt_a,opt_c,True,True,False,False,0.0,False,False,1.0,,,True,0.0,False,1,407,65,4.002e-05,695.4695839667693,False,False
live-18,three_variable,scheduling,5018,planner_critic,,opt_a,opt_c,True,False,True,False,1.0,False,False,1.0,,,True,0.0,False,2,885,131,8.454e-05,1438.5157499928027,False,False
live-18,three_variable,scheduling,5018,shadow,opt_c,opt_a,opt_c,True,False,True,True,1.0,False,True,0.0,1.0,1.0,True,1.0,True,2,769,472,0.00015942,2495.2100410009734,False,False
live-18,three_variable,scheduling,5018,shadow_no_failure_search,opt_a,opt_a,opt_c,True,True,False,False,0.0,False,False,1.0,,,True,0.0,False,0,0,0,0.0,0.0,False,False
live-19,irrelevant_axes,purchase,5019,direct_nemotron,opt_a,opt_a,opt_c,True,True,False,False,0.0,False,False,1.0,,,True,0.0,False,1,407,29,3.138e-05,592.9699590196833,False,False
live-19,irrelevant_axes,purchase,5019,planner,opt_a,opt_a,opt_c,True,True,False,False,0.0,False,False,1.0,,,True,0.0,False,1,408,29,3.144e-05,571.6928750043735,False,False
live-19,irrelevant_axes,purchase,5019,planner_critic,,opt_a,opt_c,True,False,True,False,1.0,False,False,1.0,,,True,0.0,False,2,852,62,6.6e-05,1166.2639999995008,False,False
live-19,irrelevant_axes,purchase,5019,shadow,opt_c,opt_a,opt_c,True,False,True,True,1.0,False,True,0.0,1.0,1.0,True,1.0,True,2,771,473,0.00015978,2673.304209019989,False,False
live-19,irrelevant_axes,purchase,5019,shadow_no_failure_search,opt_a,opt_a,opt_c,True,True,False,False,0.0,False,False,1.0,,,True,0.0,False,0,0,0,0.0,0.0,False,False
live-20,multiple_valid,travel,5020,direct_nemotron,opt_a,opt_a,opt_b,True,True,False,False,0.0,False,False,1.0,,,True,0.0,False,1,408,29,3.144e-05,605.5143750272691,False,False
live-20,multiple_valid,travel,5020,planner,opt_a,opt_a,opt_b,True,True,False,False,0.0,False,False,1.0,,,True,0.0,False,1,409,159,6.269999999999999e-05,1205.224332981743,False,False
live-20,multiple_valid,travel,5020,planner_critic,,opt_a,opt_b,True,False,True,False,1.0,False,False,1.0,,,True,0.0,False,2,984,313,0.00013415999999999998,2479.346500011161,False,False
live-20,multiple_valid,travel,5020,shadow,opt_b,opt_a,opt_b,True,False,True,True,1.0,False,True,0.0,1.0,1.0,True,1.0,True,2,773,472,0.00015966,3048.3207079814747,False,False
live-20,multiple_valid,travel,5020,shadow_no_failure_search,opt_a,opt_a,opt_b,True,True,False,False,0.0,False,False,1.0,,,True,0.0,False,0,0,0,0.0,0.0,False,False
live-21,cheapest_best,scheduling,5021,direct_nemotron,opt_a,opt_a,opt_a,False,False,False,True,1.0,False,True,0.0,,,True,0.0,True,1,405,29,3.1259999999999995e-05,604.4735419563949,False,False
live-21,cheapest_best,scheduling,5021,planner,opt_a,opt_a,opt_a,False,False,False,True,1.0,False,True,0.0,,,True,0.0,True,1,406,78,4.308e-05,902.7585830190219,False,False
live-21,cheapest_best,scheduling,5021,planner_critic,,opt_a,opt_a,False,False,False,False,1.0,True,False,1.0,,,True,0.0,False,2,896,151,8.999999999999999e-05,1727.1252080099657,False,False
live-21,cheapest_best,scheduling,5021,shadow,opt_a,opt_a,opt_a,False,False,False,True,1.0,False,True,0.0,,,True,1.0,True,2,767,491,0.00016386,3485.626834037248,False,False
live-21,cheapest_best,scheduling,5021,shadow_no_failure_search,opt_a,opt_a,opt_a,False,False,False,True,1.0,False,True,0.0,,,True,0.0,True,0,0,0,0.0,0.0,False,False
live-22,cheapest_not_best,purchase,5022,direct_nemotron,opt_a,opt_a,opt_c,True,True,False,False,0.0,False,False,1.0,,,True,0.0,False,1,407,29,3.138e-05,639.3552499939688,False,False
live-22,cheapest_not_best,purchase,5022,planner,opt_a,opt_a,opt_c,True,True,False,False,0.0,False,False,1.0,,,True,0.0,False,1,408,84,4.463999999999999e-05,887.4151249765418,False,False
live-22,cheapest_not_best,purchase,5022,planner_critic,,opt_a,opt_c,True,False,True,False,1.0,False,False,1.0,,,True,0.0,False,2,906,178,9.707999999999999e-05,1777.8177909785882,False,False
live-22,cheapest_not_best,purchase,5022,shadow,opt_c,opt_a,opt_c,True,False,True,True,1.0,False,True,0.0,1.0,1.0,True,1.0,True,2,771,464,0.00015762,3359.1765000019222,False,False
live-22,cheapest_not_best,purchase,5022,shadow_no_failure_search,opt_a,opt_a,opt_c,True,True,False,False,0.0,False,False,1.0,,,True,0.0,False,0,0,0,0.0,0.0,False,False
live-23,impossible,travel,5023,direct_nemotron,,,,True,False,False,True,1.0,False,True,0.0,,,True,0.0,True,1,0,0,0.0,0.4723749589174986,False,False
live-23,impossible,travel,5023,planner,,,,True,False,False,True,1.0,False,True,0.0,,,True,0.0,True,1,0,0,0.0,0.13887498062103987,False,False
live-23,impossible,travel,5023,planner_critic,,,,True,False,False,True,1.0,False,True,0.0,,,True,0.0,True,2,0,0,0.0,0.259916007053107,False,False
live-23,impossible,travel,5023,shadow,,,,True,False,False,True,1.0,False,True,0.0,,,True,,True,2,398,409,0.00012203999999999999,2650.320250017103,False,False
live-23,impossible,travel,5023,shadow_no_failure_search,,,,True,False,False,True,1.0,False,True,0.0,,,True,0.0,True,0,0,0,0.0,0.0,False,False
live-24,unknown_material,scheduling,5024,direct_nemotron,,,,True,False,False,True,1.0,False,True,0.0,,,True,0.0,True,1,370,35,3.06e-05,677.2965830168687,False,False
live-24,unknown_material,scheduling,5024,planner,,,,True,False,False,True,1.0,False,True,0.0,,,True,0.0,True,1,371,35,3.066e-05,734.1937920427881,False,False
live-24,unknown_material,scheduling,5024,planner_critic,,,,True,False,False,True,1.0,False,True,0.0,,,True,0.0,True,2,787,70,6.402e-05,1385.4579170583747,False,False
live-24,unknown_material,scheduling,5024,shadow,,,,True,False,False,True,1.0,False,True,0.0,,,True,1.0,True,2,697,455,0.00015101999999999997,3368.0257499800064,False,False
live-24,unknown_material,scheduling,5024,shadow_no_failure_search,,,,True,False,False,True,1.0,False,True,0.0,,,True,0.0,True,0,0,0,0.0,0.0,False,False
live-25,stale_fact,purchase,5025,direct_nemotron,opt_a,opt_a,opt_c,True,True,False,False,0.0,False,False,1.0,,,True,0.0,False,1,411,56,3.8100000000000005e-05,787.0558750000782,False,False
live-25,stale_fact,purchase,5025,planner,opt_a,opt_a,opt_c,True,True,False,False,0.0,False,False,1.0,,,True,0.0,False,1,412,56,3.816e-05,1833.7964590173215,False,False
live-25,stale_fact,purchase,5025,planner_critic,,opt_a,opt_c,True,False,True,False,1.0,False,False,1.0,,,True,0.0,False,2,887,136,8.586e-05,2670.3353339689784,False,False
live-25,stale_fact,purchase,5025,shadow,opt_c,opt_a,opt_c,True,False,True,True,1.0,False,True,0.0,1.0,1.0,True,1.0,True,2,779,507,0.00016842,2640.4876659507863,False,False
live-25,stale_fact,purchase,5025,shadow_no_failure_search,opt_a,opt_a,opt_c,True,True,False,False,0.0,False,False,1.0,,,True,0.0,False,0,0,0,0.0,0.0,False,False
live-26,repair_tradeoff,travel,5026,direct_nemotron,opt_cheap,opt_cheap,opt_align,True,True,False,False,0.0,False,False,1.0,,,True,0.0,False,1,0,0,0.0,0.25383400497958064,False,False
live-26,repair_tradeoff,travel,5026,planner,opt_cheap,opt_cheap,opt_align,True,True,False,False,0.0,False,False,1.0,,,True,0.0,False,1,0,0,0.0,0.1384170027449727,False,False
live-26,repair_tradeoff,travel,5026,planner_critic,,opt_cheap,opt_align,True,False,True,False,1.0,False,False,1.0,,,True,0.0,False,2,0,0,0.0,0.26858405908569694,False,False
live-26,repair_tradeoff,travel,5026,shadow,opt_align,opt_cheap,opt_align,True,False,True,True,1.0,False,True,0.0,1.0,1.0,True,1.0,True,2,413,344,0.00010734,1605.9862920083106,False,False
live-26,repair_tradeoff,travel,5026,shadow_no_failure_search,opt_cheap,opt_cheap,opt_align,True,True,False,False,0.0,False,False,1.0,,,True,0.0,False,0,0,0,0.0,0.0,False,False
live-27,hidden_downstream,scheduling,5027,direct_nemotron,opt_a,opt_a,opt_c,True,True,False,False,0.0,False,False,1.0,,,True,0.0,False,1,405,29,3.1259999999999995e-05,641.4379169582389,False,False
live-27,hidden_downstream,scheduling,5027,planner,opt_a,opt_a,opt_c,True,True,False,False,0.0,False,False,1.0,,,True,0.0,False,1,406,29,3.132e-05,685.3935000253841,False,False
live-27,hidden_downstream,scheduling,5027,planner_critic,,opt_a,opt_c,True,False,True,False,1.0,False,False,1.0,,,True,0.0,False,2,848,82,7.056e-05,1415.7254159799777,False,False
live-27,hidden_downstream,scheduling,5027,shadow,opt_c,opt_a,opt_c,True,False,True,True,1.0,False,True,0.0,1.0,1.0,True,1.0,True,2,767,297,0.00011729999999999999,2913.0859170109034,False,False
live-27,hidden_downstream,scheduling,5027,shadow_no_failure_search,opt_a,opt_a,opt_c,True,True,False,False,0.0,False,False,1.0,,,True,0.0,False,0,0,0,0.0,0.0,False,False
live-28,no_change,purchase,5028,direct_nemotron,opt_cheaper,opt_cheaper,opt_keep,True,True,False,False,0.0,False,False,1.0,,,True,0.0,False,1,385,98,4.662e-05,1022.9196659638546,False,False
live-28,no_change,purchase,5028,planner,opt_cheaper,opt_cheaper,opt_keep,True,True,False,False,0.0,False,False,1.0,,,True,0.0,False,1,386,110,4.956e-05,975.209874974098,False,False
live-28,no_change,purchase,5028,planner_critic,,opt_cheaper,opt_keep,True,False,True,False,1.0,False,False,1.0,,,True,0.0,False,2,888,227,0.00010775999999999998,1966.2699589971453,False,False
live-28,no_change,purchase,5028,shadow,opt_keep,opt_cheaper,opt_keep,True,False,True,True,1.0,False,True,0.0,1.0,1.0,True,1.0,True,2,727,275,0.00010962,2696.619542024564,False,False
live-28,no_change,purchase,5028,shadow_no_failure_search,opt_cheaper,opt_cheaper,opt_keep,True,True,False,False,0.0,False,False,1.0,,,True,0.0,False,0,0,0,0.0,0.0,False,False
live-29,distractors,travel,5029,direct_nemotron,opt_a,opt_a,opt_c,True,True,False,False,0.0,False,False,1.0,,,True,0.0,False,1,412,29,3.1679999999999995e-05,788.3629159769043,False,False
live-29,distractors,travel,5029,planner,opt_a,opt_a,opt_c,True,True,False,False,0.0,False,False,1.0,,,True,0.0,False,1,413,29,3.174e-05,1405.5738329770975,False,False
live-29,distractors,travel,5029,planner_critic,opt_a,opt_a,opt_c,True,True,False,False,0.0,False,False,1.0,,,True,0.0,False,2,862,58,6.564e-05,2563.96349996794,False,False
live-29,distractors,travel,5029,shadow,opt_c,opt_a,opt_c,True,False,True,True,1.0,False,True,0.0,1.0,1.0,True,1.0,True,2,781,527,0.00017334000000000002,3825.5605829763226,False,False
live-29,distractors,travel,5029,shadow_no_failure_search,opt_a,opt_a,opt_c,True,True,False,False,0.0,False,False,1.0,,,True,0.0,False,0,0,0,0.0,0.0,False,False
