world_id,structure,system,category,component,choice,optimal
live-00,robust_nominal,planner_critic,unnecessary veto,,,opt_a
live-00,robust_nominal,shadow,format failure,NEMOTRON,opt_a,opt_a
live-00,robust_nominal,shadow_no_failure_search,format failure,,opt_a,opt_a
live-01,single_variable,direct_nemotron,nominal-only reasoning,,opt_a,opt_c
live-01,single_variable,planner,nominal-only reasoning,,opt_a,opt_c
live-01,single_variable,planner_critic,nominal-only reasoning,,opt_a,opt_c
live-01,single_variable,shadow,format failure,NEMOTRON,opt_c,opt_c
live-01,single_variable,shadow_no_failure_search,format failure,,opt_a,opt_c
live-01,single_variable,shadow_no_failure_search,nominal-only reasoning,,opt_a,opt_c
live-02,two_variable,direct_nemotron,nominal-only reasoning,,opt_a,opt_c
live-02,two_variable,planner,nominal-only reasoning,,opt_a,opt_c
live-02,two_variable,shadow,format failure,NEMOTRON,opt_c,opt_c
live-02,two_variable,shadow_no_failure_search,format failure,,opt_a,opt_c
live-02,two_variable,shadow_no_failure_search,nominal-only reasoning,,opt_a,opt_c
live-03,three_variable,direct_nemotron,nominal-only reasoning,,opt_a,opt_c
live-03,three_variable,planner,nominal-only reasoning,,opt_a,opt_c
live-03,three_variable,shadow,format failure,NEMOTRON,opt_c,opt_c
live-03,three_variable,shadow_no_failure_search,format failure,,opt_a,opt_c
live-03,three_variable,shadow_no_failure_search,nominal-only reasoning,,opt_a,opt_c
live-04,irrelevant_axes,direct_nemotron,nominal-only reasoning,,opt_a,opt_c
live-04,irrelevant_axes,planner,nominal-only reasoning,,opt_a,opt_c
live-04,irrelevant_axes,shadow,format failure,NEMOTRON,opt_c,opt_c
live-04,irrelevant_axes,shadow_no_failure_search,format failure,,opt_a,opt_c
live-04,irrelevant_axes,shadow_no_failure_search,nominal-only reasoning,,opt_a,opt_c
live-05,multiple_valid,direct_nemotron,nominal-only reasoning,,opt_a,opt_b
live-05,multiple_valid,planner,nominal-only reasoning,,opt_a,opt_b
live-05,multiple_valid,shadow,format failure,NEMOTRON,opt_b,opt_b
live-05,multiple_valid,shadow_no_failure_search,format failure,,opt_a,opt_b
live-05,multiple_valid,shadow_no_failure_search,nominal-only reasoning,,opt_a,opt_b
live-06,cheapest_best,direct_nemotron,unnecessary veto,,opt_c,opt_a
live-06,cheapest_best,direct_nemotron,wrong repair,,opt_c,opt_a
live-06,cheapest_best,planner_critic,unnecessary veto,,,opt_a
live-06,cheapest_best,shadow,format failure,NEMOTRON,opt_a,opt_a
live-06,cheapest_best,shadow_no_failure_search,format failure,,opt_a,opt_a
live-07,cheapest_not_best,direct_nemotron,nominal-only reasoning,,opt_a,opt_c
live-07,cheapest_not_best,planner,nominal-only reasoning,,opt_a,opt_c
live-07,cheapest_not_best,planner_critic,nominal-only reasoning,,opt_a,opt_c
live-07,cheapest_not_best,shadow,format failure,NEMOTRON,opt_c,opt_c
live-07,cheapest_not_best,shadow_no_failure_search,format failure,,opt_a,opt_c
live-07,cheapest_not_best,shadow_no_failure_search,nominal-only reasoning,,opt_a,opt_c
live-08,impossible,shadow,format failure,NEMOTRON,,
live-08,impossible,shadow_no_failure_search,format failure,,,
live-09,unknown_material,shadow,format failure,NEMOTRON,,
live-09,unknown_material,shadow_no_failure_search,format failure,,,
live-10,stale_fact,direct_nemotron,nominal-only reasoning,,opt_a,opt_c
live-10,stale_fact,direct_nemotron,stale-fact failure,,opt_a,opt_c
live-10,stale_fact,planner,nominal-only reasoning,,opt_a,opt_c
live-10,stale_fact,planner,stale-fact failure,,opt_a,opt_c
live-10,stale_fact,shadow,format failure,NEMOTRON,opt_c,opt_c
live-10,stale_fact,shadow_no_failure_search,format failure,,opt_a,opt_c
live-10,stale_fact,shadow_no_failure_search,nominal-only reasoning,,opt_a,opt_c
live-10,stale_fact,shadow_no_failure_search,stale-fact failure,,opt_a,opt_c
live-11,repair_tradeoff,direct_nemotron,nominal-only reasoning,,opt_cheap,opt_align
live-11,repair_tradeoff,planner,nominal-only reasoning,,opt_cheap,opt_align
live-11,repair_tradeoff,shadow,format failure,NEMOTRON,opt_align,opt_align
live-11,repair_tradeoff,shadow_no_failure_search,format failure,,opt_cheap,opt_align
live-11,repair_tradeoff,shadow_no_failure_search,nominal-only reasoning,,opt_cheap,opt_align
live-12,hidden_downstream,direct_nemotron,nominal-only reasoning,,opt_a,opt_c
live-12,hidden_downstream,planner,nominal-only reasoning,,opt_a,opt_c
live-12,hidden_downstream,planner_critic,nominal-only reasoning,,opt_a,opt_c
live-12,hidden_downstream,shadow,format failure,NEMOTRON,opt_c,opt_c
live-12,hidden_downstream,shadow_no_failure_search,format failure,,opt_a,opt_c
live-12,hidden_downstream,shadow_no_failure_search,nominal-only reasoning,,opt_a,opt_c
live-13,no_change,direct_nemotron,nominal-only reasoning,,opt_cheaper,opt_keep
live-13,no_change,planner,nominal-only reasoning,,opt_cheaper,opt_keep
live-13,no_change,shadow_no_failure_search,nominal-only reasoning,,opt_cheaper,opt_keep
live-14,distractors,direct_nemotron,nominal-only reasoning,,opt_a,opt_c
live-14,distractors,planner,nominal-only reasoning,,opt_a,opt_c
live-14,distractors,planner_critic,nominal-only reasoning,,opt_a,opt_c
live-14,distractors,shadow,format failure,NEMOTRON,opt_c,opt_c
live-14,distractors,shadow_no_failure_search,format failure,,opt_a,opt_c
live-14,distractors,shadow_no_failure_search,nominal-only reasoning,,opt_a,opt_c
live-15,robust_nominal,planner_critic,unnecessary veto,,,opt_a
live-15,robust_nominal,shadow,format failure,NEMOTRON,opt_a,opt_a
live-15,robust_nominal,shadow_no_failure_search,format failure,,opt_a,opt_a
live-16,single_variable,direct_nemotron,nominal-only reasoning,,opt_a,opt_c
live-16,single_variable,planner,nominal-only reasoning,,opt_a,opt_c
live-16,single_variable,shadow,format failure,NEMOTRON,opt_c,opt_c
live-16,single_variable,shadow_no_failure_search,format failure,,opt_a,opt_c
live-16,single_variable,shadow_no_failure_search,nominal-only reasoning,,opt_a,opt_c
live-17,two_variable,direct_nemotron,nominal-only reasoning,,opt_a,opt_c
live-17,two_variable,planner,nominal-only reasoning,,opt_a,opt_c
live-17,two_variable,planner_critic,nominal-only reasoning,,opt_a,opt_c
live-17,two_variable,shadow,format failure,NEMOTRON,opt_c,opt_c
live-17,two_variable,shadow_no_failure_search,format failure,,opt_a,opt_c
live-17,two_variable,shadow_no_failure_search,nominal-only reasoning,,opt_a,opt_c
live-18,three_variable,direct_nemotron,nominal-only reasoning,,opt_a,opt_c
live-18,three_variable,planner,nominal-only reasoning,,opt_a,opt_c
live-18,three_variable,planner_critic,nominal-only reasoning,,opt_a,opt_c
live-18,three_variable,shadow,format failure,NEMOTRON,opt_c,opt_c
live-18,three_variable,shadow_no_failure_search,format failure,,opt_a,opt_c
live-18,three_variable,shadow_no_failure_search,nominal-only reasoning,,opt_a,opt_c
live-19,irrelevant_axes,direct_nemotron,nominal-only reasoning,,opt_a,opt_c
live-19,irrelevant_axes,planner,nominal-only reasoning,,opt_a,opt_c
live-19,irrelevant_axes,shadow,format failure,NEMOTRON,opt_c,opt_c
live-19,irrelevant_axes,shadow_no_failure_search,format failure,,opt_a,opt_c
live-19,irrelevant_axes,shadow_no_failure_search,nominal-only reasoning,,opt_a,opt_c
live-20,multiple_valid,direct_nemotron,nominal-only reasoning,,opt_a,opt_b
live-20,multiple_valid,planner,nominal-only reasoning,,opt_a,opt_b
live-20,multiple_valid,shadow,format failure,NEMOTRON,opt_b,opt_b
live-20,multiple_valid,shadow_no_failure_search,format failure,,opt_a,opt_b
live-20,multiple_valid,shadow_no_failure_search,nominal-only reasoning,,opt_a,opt_b
live-21,cheapest_best,direct_nemotron,unnecessary veto,,opt_c,opt_a
live-21,cheapest_best,direct_nemotron,wrong repair,,opt_c,opt_a
live-21,cheapest_best,shadow,format failure,NEMOTRON,opt_a,opt_a
live-21,cheapest_best,shadow_no_failure_search,format failure,,opt_a,opt_a
live-22,cheapest_not_best,direct_nemotron,nominal-only reasoning,,opt_a,opt_c
live-22,cheapest_not_best,planner,nominal-only reasoning,,opt_a,opt_c
live-22,cheapest_not_best,shadow,format failure,NEMOTRON,opt_c,opt_c
live-22,cheapest_not_best,shadow_no_failure_search,format failure,,opt_a,opt_c
live-22,cheapest_not_best,shadow_no_failure_search,nominal-only reasoning,,opt_a,opt_c
live-24,unknown_material,shadow,format failure,NEMOTRON,,
live-24,unknown_material,shadow_no_failure_search,format failure,,,
live-25,stale_fact,direct_nemotron,nominal-only reasoning,,opt_a,opt_c
live-25,stale_fact,direct_nemotron,stale-fact failure,,opt_a,opt_c
live-25,stale_fact,planner,nominal-only reasoning,,opt_a,opt_c
live-25,stale_fact,planner,stale-fact failure,,opt_a,opt_c
live-25,stale_fact,shadow,format failure,NEMOTRON,opt_c,opt_c
live-25,stale_fact,shadow_no_failure_search,format failure,,opt_a,opt_c
live-25,stale_fact,shadow_no_failure_search,nominal-only reasoning,,opt_a,opt_c
live-25,stale_fact,shadow_no_failure_search,stale-fact failure,,opt_a,opt_c
live-26,repair_tradeoff,direct_nemotron,nominal-only reasoning,,opt_cheap,opt_align
live-26,repair_tradeoff,planner,nominal-only reasoning,,opt_cheap,opt_align
live-26,repair_tradeoff,shadow,format failure,NEMOTRON,opt_align,opt_align
live-26,repair_tradeoff,shadow_no_failure_search,format failure,,opt_cheap,opt_align
live-26,repair_tradeoff,shadow_no_failure_search,nominal-only reasoning,,opt_cheap,opt_align
live-27,hidden_downstream,direct_nemotron,nominal-only reasoning,,opt_a,opt_c
live-27,hidden_downstream,planner,nominal-only reasoning,,opt_a,opt_c
live-27,hidden_downstream,planner_critic,nominal-only reasoning,,opt_a,opt_c
live-27,hidden_downstream,shadow,format failure,NEMOTRON,opt_c,opt_c
live-27,hidden_downstream,shadow_no_failure_search,format failure,,opt_a,opt_c
live-27,hidden_downstream,shadow_no_failure_search,nominal-only reasoning,,opt_a,opt_c
live-28,no_change,direct_nemotron,nominal-only reasoning,,opt_cheaper,opt_keep
live-28,no_change,planner,nominal-only reasoning,,opt_cheaper,opt_keep
live-28,no_change,shadow_no_failure_search,nominal-only reasoning,,opt_cheaper,opt_keep
live-29,distractors,direct_nemotron,wrong repair,,opt_b,opt_c
live-29,distractors,planner,nominal-only reasoning,,opt_a,opt_c
live-29,distractors,planner_critic,nominal-only reasoning,,opt_a,opt_c
live-29,distractors,shadow,format failure,NEMOTRON,opt_c,opt_c
live-29,distractors,shadow_no_failure_search,format failure,,opt_a,opt_c
live-29,distractors,shadow_no_failure_search,nominal-only reasoning,,opt_a,opt_c
