world_id,family,seed,system,choice,oracle_optimal,oracle_fragile,executed_fails,flagged_failure,task_complete,failure_recall_hit,false_hazard,repair_success,regret,cut_precision,cut_recall,unknown_calibrated,edge_recall,converged,model_calls,input_tokens,output_tokens,cost_usd,latency_ms,stand_in
scheduling-1000,scheduling,1000,direct,cheap,robust,True,True,False,False,0.0,False,False,1.0,,,True,0.0,False,1,0,0,0.0,0.0,scripted
scheduling-1000,scheduling,1000,planner,cheap,robust,True,True,False,False,0.0,False,False,1.0,,,True,0.0,False,1,0,0,0.0,0.0,scripted
scheduling-1000,scheduling,1000,planner_critic,cheap,robust,True,True,False,False,0.0,False,False,1.0,,,True,0.0,False,2,0,0,0.0,0.0,scripted
scheduling-1000,scheduling,1000,shadow_no_search,cheap,robust,True,True,False,False,0.0,False,False,1.0,,,True,0.0,False,2,0,0,0.0,0.0,scripted
scheduling-1000,scheduling,1000,shadow,robust,robust,True,False,True,True,1.0,False,True,0.0,1.0,1.0,True,1.0,True,2,0,0,0.0,32.45383402099833,scripted
purchase-1001,purchase,1001,direct,cheap,robust,True,True,False,False,0.0,False,False,1.0,,,False,0.0,False,1,0,0,0.0,0.0,scripted
purchase-1001,purchase,1001,planner,cheap,robust,True,True,False,False,0.0,False,False,1.0,,,False,0.0,False,1,0,0,0.0,0.0,scripted
purchase-1001,purchase,1001,planner_critic,cheap,robust,True,True,False,False,0.0,False,False,1.0,,,False,0.0,False,2,0,0,0.0,0.0,scripted
purchase-1001,purchase,1001,shadow_no_search,cheap,robust,True,True,False,False,0.0,False,False,1.0,,,False,0.0,False,2,0,0,0.0,0.0,scripted
purchase-1001,purchase,1001,shadow,robust,robust,True,False,True,True,1.0,False,True,0.0,1.0,1.0,False,1.0,True,2,0,0,0.0,27.264083037152886,scripted
travel-1002,travel,1002,direct,cheap,robust,True,True,False,False,0.0,False,False,1.0,,,True,0.0,False,1,0,0,0.0,0.0,scripted
travel-1002,travel,1002,planner,cheap,robust,True,True,False,False,0.0,False,False,1.0,,,True,0.0,False,1,0,0,0.0,0.0,scripted
travel-1002,travel,1002,planner_critic,cheap,robust,True,True,False,False,0.0,False,False,1.0,,,True,0.0,False,2,0,0,0.0,0.0,scripted
travel-1002,travel,1002,shadow_no_search,cheap,robust,True,True,False,False,0.0,False,False,1.0,,,True,0.0,False,2,0,0,0.0,0.0,scripted
travel-1002,travel,1002,shadow,robust,robust,True,False,True,True,1.0,False,True,0.0,1.0,1.0,True,1.0,True,2,0,0,0.0,27.573291037697345,scripted
scheduling-1003,scheduling,1003,direct,cheap,robust,True,True,False,False,0.0,False,False,1.0,,,True,0.0,False,1,0,0,0.0,0.0,scripted
scheduling-1003,scheduling,1003,planner,cheap,robust,True,True,False,False,0.0,False,False,1.0,,,True,0.0,False,1,0,0,0.0,0.0,scripted
scheduling-1003,scheduling,1003,planner_critic,cheap,robust,True,True,False,False,0.0,False,False,1.0,,,True,0.0,False,2,0,0,0.0,0.0,scripted
scheduling-1003,scheduling,1003,shadow_no_search,cheap,robust,True,True,False,False,0.0,False,False,1.0,,,True,0.0,False,2,0,0,0.0,0.0,scripted
scheduling-1003,scheduling,1003,shadow,robust,robust,True,False,True,True,1.0,False,True,0.0,1.0,1.0,True,1.0,True,2,0,0,0.0,26.87050000531599,scripted
purchase-1004,purchase,1004,direct,cheap,robust,True,True,False,False,0.0,False,False,1.0,,,False,0.0,False,1,0,0,0.0,0.0,scripted
purchase-1004,purchase,1004,planner,cheap,robust,True,True,False,False,0.0,False,False,1.0,,,False,0.0,False,1,0,0,0.0,0.0,scripted
purchase-1004,purchase,1004,planner_critic,cheap,robust,True,True,False,False,0.0,False,False,1.0,,,False,0.0,False,2,0,0,0.0,0.0,scripted
purchase-1004,purchase,1004,shadow_no_search,cheap,robust,True,True,False,False,0.0,False,False,1.0,,,False,0.0,False,2,0,0,0.0,0.0,scripted
purchase-1004,purchase,1004,shadow,robust,robust,True,False,True,True,1.0,False,True,0.0,1.0,1.0,False,1.0,True,2,0,0,0.0,27.027292002458125,scripted
travel-1005,travel,1005,direct,cheap,robust,True,True,False,False,0.0,False,False,1.0,,,True,0.0,False,1,0,0,0.0,0.0,scripted
travel-1005,travel,1005,planner,cheap,robust,True,True,False,False,0.0,False,False,1.0,,,True,0.0,False,1,0,0,0.0,0.0,scripted
travel-1005,travel,1005,planner_critic,cheap,robust,True,True,False,False,0.0,False,False,1.0,,,True,0.0,False,2,0,0,0.0,0.0,scripted
travel-1005,travel,1005,shadow_no_search,cheap,robust,True,True,False,False,0.0,False,False,1.0,,,True,0.0,False,2,0,0,0.0,0.0,scripted
travel-1005,travel,1005,shadow,robust,robust,True,False,True,True,1.0,False,True,0.0,1.0,1.0,True,1.0,True,2,0,0,0.0,26.67724998900667,scripted
scheduling-1006,scheduling,1006,direct,cheap,robust,True,True,False,False,0.0,False,False,1.0,,,True,0.0,False,1,0,0,0.0,0.0,scripted
scheduling-1006,scheduling,1006,planner,cheap,robust,True,True,False,False,0.0,False,False,1.0,,,True,0.0,False,1,0,0,0.0,0.0,scripted
scheduling-1006,scheduling,1006,planner_critic,cheap,robust,True,True,False,False,0.0,False,False,1.0,,,True,0.0,False,2,0,0,0.0,0.0,scripted
scheduling-1006,scheduling,1006,shadow_no_search,cheap,robust,True,True,False,False,0.0,False,False,1.0,,,True,0.0,False,2,0,0,0.0,0.0,scripted
scheduling-1006,scheduling,1006,shadow,robust,robust,True,False,True,True,1.0,False,True,0.0,1.0,1.0,True,1.0,True,2,0,0,0.0,27.014457969926298,scripted
purchase-1007,purchase,1007,direct,cheap,robust,True,True,False,False,0.0,False,False,1.0,,,False,0.0,False,1,0,0,0.0,0.0,scripted
purchase-1007,purchase,1007,planner,cheap,robust,True,True,False,False,0.0,False,False,1.0,,,False,0.0,False,1,0,0,0.0,0.0,scripted
purchase-1007,purchase,1007,planner_critic,cheap,robust,True,True,False,False,0.0,False,False,1.0,,,False,0.0,False,2,0,0,0.0,0.0,scripted
purchase-1007,purchase,1007,shadow_no_search,cheap,robust,True,True,False,False,0.0,False,False,1.0,,,False,0.0,False,2,0,0,0.0,0.0,scripted
purchase-1007,purchase,1007,shadow,robust,robust,True,False,True,True,1.0,False,True,0.0,1.0,1.0,False,1.0,True,2,0,0,0.0,26.662499993108213,scripted
travel-1008,travel,1008,direct,cheap,robust,True,True,False,False,0.0,False,False,1.0,,,True,0.0,False,1,0,0,0.0,0.0,scripted
travel-1008,travel,1008,planner,cheap,robust,True,True,False,False,0.0,False,False,1.0,,,True,0.0,False,1,0,0,0.0,0.0,scripted
travel-1008,travel,1008,planner_critic,cheap,robust,True,True,False,False,0.0,False,False,1.0,,,True,0.0,False,2,0,0,0.0,0.0,scripted
travel-1008,travel,1008,shadow_no_search,cheap,robust,True,True,False,False,0.0,False,False,1.0,,,True,0.0,False,2,0,0,0.0,0.0,scripted
travel-1008,travel,1008,shadow,robust,robust,True,False,True,True,1.0,False,True,0.0,1.0,1.0,True,1.0,True,2,0,0,0.0,27.440042002126575,scripted
scheduling-1009,scheduling,1009,direct,cheap,robust,True,True,False,False,0.0,False,False,1.0,,,True,0.0,False,1,0,0,0.0,0.0,scripted
scheduling-1009,scheduling,1009,planner,cheap,robust,True,True,False,False,0.0,False,False,1.0,,,True,0.0,False,1,0,0,0.0,0.0,scripted
scheduling-1009,scheduling,1009,planner_critic,cheap,robust,True,True,False,False,0.0,False,False,1.0,,,True,0.0,False,2,0,0,0.0,0.0,scripted
scheduling-1009,scheduling,1009,shadow_no_search,cheap,robust,True,True,False,False,0.0,False,False,1.0,,,True,0.0,False,2,0,0,0.0,0.0,scripted
scheduling-1009,scheduling,1009,shadow,robust,robust,True,False,True,True,1.0,False,True,0.0,1.0,1.0,True,1.0,True,2,0,0,0.0,26.732957980129868,scripted
purchase-1010,purchase,1010,direct,cheap,robust,True,True,False,False,0.0,False,False,1.0,,,False,0.0,False,1,0,0,0.0,0.0,scripted
purchase-1010,purchase,1010,planner,cheap,robust,True,True,False,False,0.0,False,False,1.0,,,False,0.0,False,1,0,0,0.0,0.0,scripted
purchase-1010,purchase,1010,planner_critic,cheap,robust,True,True,False,False,0.0,False,False,1.0,,,False,0.0,False,2,0,0,0.0,0.0,scripted
purchase-1010,purchase,1010,shadow_no_search,cheap,robust,True,True,False,False,0.0,False,False,1.0,,,False,0.0,False,2,0,0,0.0,0.0,scripted
purchase-1010,purchase,1010,shadow,robust,robust,True,False,True,True,1.0,False,True,0.0,1.0,1.0,False,1.0,True,2,0,0,0.0,36.34487499948591,scripted
travel-1011,travel,1011,direct,cheap,robust,True,True,False,False,0.0,False,False,1.0,,,True,0.0,False,1,0,0,0.0,0.0,scripted
travel-1011,travel,1011,planner,cheap,robust,True,True,False,False,0.0,False,False,1.0,,,True,0.0,False,1,0,0,0.0,0.0,scripted
travel-1011,travel,1011,planner_critic,cheap,robust,True,True,False,False,0.0,False,False,1.0,,,True,0.0,False,2,0,0,0.0,0.0,scripted
travel-1011,travel,1011,shadow_no_search,cheap,robust,True,True,False,False,0.0,False,False,1.0,,,True,0.0,False,2,0,0,0.0,0.0,scripted
travel-1011,travel,1011,shadow,robust,robust,True,False,True,True,1.0,False,True,0.0,1.0,1.0,True,1.0,True,2,0,0,0.0,31.738625024445355,scripted
scheduling-1012,scheduling,1012,direct,cheap,robust,True,True,False,False,0.0,False,False,1.0,,,True,0.0,False,1,0,0,0.0,0.0,scripted
scheduling-1012,scheduling,1012,planner,cheap,robust,True,True,False,False,0.0,False,False,1.0,,,True,0.0,False,1,0,0,0.0,0.0,scripted
scheduling-1012,scheduling,1012,planner_critic,cheap,robust,True,True,False,False,0.0,False,False,1.0,,,True,0.0,False,2,0,0,0.0,0.0,scripted
scheduling-1012,scheduling,1012,shadow_no_search,cheap,robust,True,True,False,False,0.0,False,False,1.0,,,True,0.0,False,2,0,0,0.0,0.0,scripted
scheduling-1012,scheduling,1012,shadow,robust,robust,True,False,True,True,1.0,False,True,0.0,1.0,1.0,True,1.0,True,2,0,0,0.0,27.759250020608306,scripted
purchase-1013,purchase,1013,direct,cheap,robust,True,True,False,False,0.0,False,False,1.0,,,False,0.0,False,1,0,0,0.0,0.0,scripted
purchase-1013,purchase,1013,planner,cheap,robust,True,True,False,False,0.0,False,False,1.0,,,False,0.0,False,1,0,0,0.0,0.0,scripted
purchase-1013,purchase,1013,planner_critic,cheap,robust,True,True,False,False,0.0,False,False,1.0,,,False,0.0,False,2,0,0,0.0,0.0,scripted
purchase-1013,purchase,1013,shadow_no_search,cheap,robust,True,True,False,False,0.0,False,False,1.0,,,False,0.0,False,2,0,0,0.0,0.0,scripted
purchase-1013,purchase,1013,shadow,robust,robust,True,False,True,True,1.0,False,True,0.0,1.0,1.0,False,1.0,True,2,0,0,0.0,29.8099999781698,scripted
travel-1014,travel,1014,direct,cheap,robust,True,True,False,False,0.0,False,False,1.0,,,True,0.0,False,1,0,0,0.0,0.0,scripted
travel-1014,travel,1014,planner,cheap,robust,True,True,False,False,0.0,False,False,1.0,,,True,0.0,False,1,0,0,0.0,0.0,scripted
travel-1014,travel,1014,planner_critic,cheap,robust,True,True,False,False,0.0,False,False,1.0,,,True,0.0,False,2,0,0,0.0,0.0,scripted
travel-1014,travel,1014,shadow_no_search,cheap,robust,True,True,False,False,0.0,False,False,1.0,,,True,0.0,False,2,0,0,0.0,0.0,scripted
travel-1014,travel,1014,shadow,robust,robust,True,False,True,True,1.0,False,True,0.0,1.0,1.0,True,1.0,True,2,0,0,0.0,27.59062498807907,scripted
scheduling-1015,scheduling,1015,direct,cheap,robust,True,True,False,False,0.0,False,False,1.0,,,True,0.0,False,1,0,0,0.0,0.0,scripted
scheduling-1015,scheduling,1015,planner,cheap,robust,True,True,False,False,0.0,False,False,1.0,,,True,0.0,False,1,0,0,0.0,0.0,scripted
scheduling-1015,scheduling,1015,planner_critic,cheap,robust,True,True,False,False,0.0,False,False,1.0,,,True,0.0,False,2,0,0,0.0,0.0,scripted
scheduling-1015,scheduling,1015,shadow_no_search,cheap,robust,True,True,False,False,0.0,False,False,1.0,,,True,0.0,False,2,0,0,0.0,0.0,scripted
scheduling-1015,scheduling,1015,shadow,robust,robust,True,False,True,True,1.0,False,True,0.0,1.0,1.0,True,1.0,True,2,0,0,0.0,27.140250022057444,scripted
purchase-1016,purchase,1016,direct,cheap,robust,True,True,False,False,0.0,False,False,1.0,,,False,0.0,False,1,0,0,0.0,0.0,scripted
purchase-1016,purchase,1016,planner,cheap,robust,True,True,False,False,0.0,False,False,1.0,,,False,0.0,False,1,0,0,0.0,0.0,scripted
purchase-1016,purchase,1016,planner_critic,cheap,robust,True,True,False,False,0.0,False,False,1.0,,,False,0.0,False,2,0,0,0.0,0.0,scripted
purchase-1016,purchase,1016,shadow_no_search,cheap,robust,True,True,False,False,0.0,False,False,1.0,,,False,0.0,False,2,0,0,0.0,0.0,scripted
purchase-1016,purchase,1016,shadow,robust,robust,True,False,True,True,1.0,False,True,0.0,1.0,1.0,False,1.0,True,2,0,0,0.0,27.477084018755704,scripted
travel-1017,travel,1017,direct,cheap,robust,True,True,False,False,0.0,False,False,1.0,,,True,0.0,False,1,0,0,0.0,0.0,scripted
travel-1017,travel,1017,planner,cheap,robust,True,True,False,False,0.0,False,False,1.0,,,True,0.0,False,1,0,0,0.0,0.0,scripted
travel-1017,travel,1017,planner_critic,cheap,robust,True,True,False,False,0.0,False,False,1.0,,,True,0.0,False,2,0,0,0.0,0.0,scripted
travel-1017,travel,1017,shadow_no_search,cheap,robust,True,True,False,False,0.0,False,False,1.0,,,True,0.0,False,2,0,0,0.0,0.0,scripted
travel-1017,travel,1017,shadow,robust,robust,True,False,True,True,1.0,False,True,0.0,1.0,1.0,True,1.0,True,2,0,0,0.0,27.26979204453528,scripted
scheduling-1018,scheduling,1018,direct,cheap,robust,True,True,False,False,0.0,False,False,1.0,,,True,0.0,False,1,0,0,0.0,0.0,scripted
scheduling-1018,scheduling,1018,planner,cheap,robust,True,True,False,False,0.0,False,False,1.0,,,True,0.0,False,1,0,0,0.0,0.0,scripted
scheduling-1018,scheduling,1018,planner_critic,cheap,robust,True,True,False,False,0.0,False,False,1.0,,,True,0.0,False,2,0,0,0.0,0.0,scripted
scheduling-1018,scheduling,1018,shadow_no_search,cheap,robust,True,True,False,False,0.0,False,False,1.0,,,True,0.0,False,2,0,0,0.0,0.0,scripted
scheduling-1018,scheduling,1018,shadow,robust,robust,True,False,True,True,1.0,False,True,0.0,1.0,1.0,True,1.0,True,2,0,0,0.0,27.271167025901377,scripted
purchase-1019,purchase,1019,direct,cheap,robust,True,True,False,False,0.0,False,False,1.0,,,False,0.0,False,1,0,0,0.0,0.0,scripted
purchase-1019,purchase,1019,planner,cheap,robust,True,True,False,False,0.0,False,False,1.0,,,False,0.0,False,1,0,0,0.0,0.0,scripted
purchase-1019,purchase,1019,planner_critic,cheap,robust,True,True,False,False,0.0,False,False,1.0,,,False,0.0,False,2,0,0,0.0,0.0,scripted
purchase-1019,purchase,1019,shadow_no_search,cheap,robust,True,True,False,False,0.0,False,False,1.0,,,False,0.0,False,2,0,0,0.0,0.0,scripted
purchase-1019,purchase,1019,shadow,robust,robust,True,False,True,True,1.0,False,True,0.0,1.0,1.0,False,1.0,True,2,0,0,0.0,27.40925003308803,scripted
travel-1020,travel,1020,direct,cheap,robust,True,True,False,False,0.0,False,False,1.0,,,True,0.0,False,1,0,0,0.0,0.0,scripted
travel-1020,travel,1020,planner,cheap,robust,True,True,False,False,0.0,False,False,1.0,,,True,0.0,False,1,0,0,0.0,0.0,scripted
travel-1020,travel,1020,planner_critic,cheap,robust,True,True,False,False,0.0,False,False,1.0,,,True,0.0,False,2,0,0,0.0,0.0,scripted
travel-1020,travel,1020,shadow_no_search,cheap,robust,True,True,False,False,0.0,False,False,1.0,,,True,0.0,False,2,0,0,0.0,0.0,scripted
travel-1020,travel,1020,shadow,robust,robust,True,False,True,True,1.0,False,True,0.0,1.0,1.0,True,1.0,True,2,0,0,0.0,26.766958006192,scripted
scheduling-1021,scheduling,1021,direct,cheap,robust,True,True,False,False,0.0,False,False,1.0,,,True,0.0,False,1,0,0,0.0,0.0,scripted
scheduling-1021,scheduling,1021,planner,cheap,robust,True,True,False,False,0.0,False,False,1.0,,,True,0.0,False,1,0,0,0.0,0.0,scripted
scheduling-1021,scheduling,1021,planner_critic,cheap,robust,True,True,False,False,0.0,False,False,1.0,,,True,0.0,False,2,0,0,0.0,0.0,scripted
scheduling-1021,scheduling,1021,shadow_no_search,cheap,robust,True,True,False,False,0.0,False,False,1.0,,,True,0.0,False,2,0,0,0.0,0.0,scripted
scheduling-1021,scheduling,1021,shadow,robust,robust,True,False,True,True,1.0,False,True,0.0,1.0,1.0,True,1.0,True,2,0,0,0.0,26.797167025506496,scripted
purchase-1022,purchase,1022,direct,cheap,robust,True,True,False,False,0.0,False,False,1.0,,,False,0.0,False,1,0,0,0.0,0.0,scripted
purchase-1022,purchase,1022,planner,cheap,robust,True,True,False,False,0.0,False,False,1.0,,,False,0.0,False,1,0,0,0.0,0.0,scripted
purchase-1022,purchase,1022,planner_critic,cheap,robust,True,True,False,False,0.0,False,False,1.0,,,False,0.0,False,2,0,0,0.0,0.0,scripted
purchase-1022,purchase,1022,shadow_no_search,cheap,robust,True,True,False,False,0.0,False,False,1.0,,,False,0.0,False,2,0,0,0.0,0.0,scripted
purchase-1022,purchase,1022,shadow,robust,robust,True,False,True,True,1.0,False,True,0.0,1.0,1.0,False,1.0,True,2,0,0,0.0,26.698625006247312,scripted
travel-1023,travel,1023,direct,cheap,robust,True,True,False,False,0.0,False,False,1.0,,,True,0.0,False,1,0,0,0.0,0.0,scripted
travel-1023,travel,1023,planner,cheap,robust,True,True,False,False,0.0,False,False,1.0,,,True,0.0,False,1,0,0,0.0,0.0,scripted
travel-1023,travel,1023,planner_critic,cheap,robust,True,True,False,False,0.0,False,False,1.0,,,True,0.0,False,2,0,0,0.0,0.0,scripted
travel-1023,travel,1023,shadow_no_search,cheap,robust,True,True,False,False,0.0,False,False,1.0,,,True,0.0,False,2,0,0,0.0,0.0,scripted
travel-1023,travel,1023,shadow,robust,robust,True,False,True,True,1.0,False,True,0.0,1.0,1.0,True,1.0,True,2,0,0,0.0,27.221249998547137,scripted
scheduling-1024,scheduling,1024,direct,cheap,robust,True,True,False,False,0.0,False,False,1.0,,,True,0.0,False,1,0,0,0.0,0.0,scripted
scheduling-1024,scheduling,1024,planner,cheap,robust,True,True,False,False,0.0,False,False,1.0,,,True,0.0,False,1,0,0,0.0,0.0,scripted
scheduling-1024,scheduling,1024,planner_critic,cheap,robust,True,True,False,False,0.0,False,False,1.0,,,True,0.0,False,2,0,0,0.0,0.0,scripted
scheduling-1024,scheduling,1024,shadow_no_search,cheap,robust,True,True,False,False,0.0,False,False,1.0,,,True,0.0,False,2,0,0,0.0,0.0,scripted
scheduling-1024,scheduling,1024,shadow,robust,robust,True,False,True,True,1.0,False,True,0.0,1.0,1.0,True,1.0,True,2,0,0,0.0,27.44925004662946,scripted
purchase-1025,purchase,1025,direct,cheap,robust,True,True,False,False,0.0,False,False,1.0,,,False,0.0,False,1,0,0,0.0,0.0,scripted
purchase-1025,purchase,1025,planner,cheap,robust,True,True,False,False,0.0,False,False,1.0,,,False,0.0,False,1,0,0,0.0,0.0,scripted
purchase-1025,purchase,1025,planner_critic,cheap,robust,True,True,False,False,0.0,False,False,1.0,,,False,0.0,False,2,0,0,0.0,0.0,scripted
purchase-1025,purchase,1025,shadow_no_search,cheap,robust,True,True,False,False,0.0,False,False,1.0,,,False,0.0,False,2,0,0,0.0,0.0,scripted
purchase-1025,purchase,1025,shadow,robust,robust,True,False,True,True,1.0,False,True,0.0,1.0,1.0,False,1.0,True,2,0,0,0.0,26.848500012420118,scripted
travel-1026,travel,1026,direct,cheap,robust,True,True,False,False,0.0,False,False,1.0,,,True,0.0,False,1,0,0,0.0,0.0,scripted
travel-1026,travel,1026,planner,cheap,robust,True,True,False,False,0.0,False,False,1.0,,,True,0.0,False,1,0,0,0.0,0.0,scripted
travel-1026,travel,1026,planner_critic,cheap,robust,True,True,False,False,0.0,False,False,1.0,,,True,0.0,False,2,0,0,0.0,0.0,scripted
travel-1026,travel,1026,shadow_no_search,cheap,robust,True,True,False,False,0.0,False,False,1.0,,,True,0.0,False,2,0,0,0.0,0.0,scripted
travel-1026,travel,1026,shadow,robust,robust,True,False,True,True,1.0,False,True,0.0,1.0,1.0,True,1.0,True,2,0,0,0.0,26.750916964374483,scripted
scheduling-1027,scheduling,1027,direct,cheap,robust,True,True,False,False,0.0,False,False,1.0,,,True,0.0,False,1,0,0,0.0,0.0,scripted
scheduling-1027,scheduling,1027,planner,cheap,robust,True,True,False,False,0.0,False,False,1.0,,,True,0.0,False,1,0,0,0.0,0.0,scripted
scheduling-1027,scheduling,1027,planner_critic,cheap,robust,True,True,False,False,0.0,False,False,1.0,,,True,0.0,False,2,0,0,0.0,0.0,scripted
scheduling-1027,scheduling,1027,shadow_no_search,cheap,robust,True,True,False,False,0.0,False,False,1.0,,,True,0.0,False,2,0,0,0.0,0.0,scripted
scheduling-1027,scheduling,1027,shadow,robust,robust,True,False,True,True,1.0,False,True,0.0,1.0,1.0,True,1.0,True,2,0,0,0.0,26.834208983927965,scripted
purchase-1028,purchase,1028,direct,cheap,robust,True,True,False,False,0.0,False,False,1.0,,,False,0.0,False,1,0,0,0.0,0.0,scripted
purchase-1028,purchase,1028,planner,cheap,robust,True,True,False,False,0.0,False,False,1.0,,,False,0.0,False,1,0,0,0.0,0.0,scripted
purchase-1028,purchase,1028,planner_critic,cheap,robust,True,True,False,False,0.0,False,False,1.0,,,False,0.0,False,2,0,0,0.0,0.0,scripted
purchase-1028,purchase,1028,shadow_no_search,cheap,robust,True,True,False,False,0.0,False,False,1.0,,,False,0.0,False,2,0,0,0.0,0.0,scripted
purchase-1028,purchase,1028,shadow,robust,robust,True,False,True,True,1.0,False,True,0.0,1.0,1.0,False,1.0,True,2,0,0,0.0,27.163792052306235,scripted
travel-1029,travel,1029,direct,cheap,robust,True,True,False,False,0.0,False,False,1.0,,,True,0.0,False,1,0,0,0.0,0.0,scripted
travel-1029,travel,1029,planner,cheap,robust,True,True,False,False,0.0,False,False,1.0,,,True,0.0,False,1,0,0,0.0,0.0,scripted
travel-1029,travel,1029,planner_critic,cheap,robust,True,True,False,False,0.0,False,False,1.0,,,True,0.0,False,2,0,0,0.0,0.0,scripted
travel-1029,travel,1029,shadow_no_search,cheap,robust,True,True,False,False,0.0,False,False,1.0,,,True,0.0,False,2,0,0,0.0,0.0,scripted
travel-1029,travel,1029,shadow,robust,robust,True,False,True,True,1.0,False,True,0.0,1.0,1.0,True,1.0,True,2,0,0,0.0,26.289333996828645,scripted
